,Unnamed: 0,BakerStreet,Bayswater,BondStreet,CharingCross,CoventGarden,EdgwareRoad(Bak),EdgwareRoad(Cir),Embankment,GreatPortlandStreet,GreenPark,HydeParkCorner,LancasterGate,LeicesterSquare,MaidaVale,MarbleArch,Marylebone,OxfordCircus,Paddington,PiccadillyCircus,Pimlico,Queensway,RegentsPark,RoyalOak,St.JamessPark,St.JohnsWood,Temple,TottenhamCourtRoad,Victoria,WarwickAvenue,Westminster,geometry,FROM STATION,FROM Zone,zone
0,0,1.0,0.0,0.0,1.0,0.0,0.0,0.0,0.0,1.0,0.0,0.0,0.0,49.0,0.0,0.0,0.0,0.0,0.0,32.0,0.0,0.0,0.0,0.0,0.0,0.0,0.0,0.0,51.0,0.0,0.0,POINT (-0.280302701 51.50307144),ActonTown,3,3
1,1,34.0,5.0,0.0,0.0,0.0,0.0,0.0,11.0,17.0,0.0,0.0,0.0,0.0,13.0,0.0,0.0,0.0,67.0,0.0,0.0,0.0,0.0,10.0,0.0,6.0,0.0,0.0,23.0,0.0,0.0,POINT (-0.075626913 51.51434238),Aldgate,1,1
2,2,80.0,0.0,0.0,0.0,23.0,0.0,23.0,178.0,0.0,0.0,0.0,0.0,0.0,19.0,0.0,0.0,0.0,123.0,0.0,0.0,0.0,0.0,0.0,0.0,0.0,0.0,0.0,102.0,0.0,56.0,POINT (-0.073001463 51.51508162),AldgateEast,1,1
3,3,0.0,0.0,0.0,0.0,0.0,0.0,0.0,0.0,0.0,0.0,0.0,0.0,0.0,0.0,0.0,0.0,0.0,0.0,0.0,0.0,0.0,0.0,0.0,0.0,0.0,0.0,0.0,20.0,0.0,0.0,POINT (-0.299515759 51.54120927),Alperton,4,4
4,4,0.0,0.0,0.0,0.0,0.0,0.0,0.0,0.0,0.0,0.0,0.0,0.0,0.0,0.0,0.0,0.0,0.0,0.0,0.0,0.0,0.0,0.0,0.0,0.0,0.0,0.0,0.0,0.0,0.0,0.0,POINT (-0.606513789 51.67412932),Amersham,9,9
5,5,18.0,0.0,10.0,0.0,0.0,0.0,0.0,0.0,11.0,12.0,0.0,0.0,116.0,0.0,0.0,0.0,0.0,86.0,92.0,38.0,0.0,0.0,0.0,0.0,0.0,0.0,63.0,163.0,14.0,0.0,POINT (-0.105581449 51.53296802),Angel,1,1
6,6,0.0,0.0,0.0,0.0,0.0,0.0,0.0,0.0,0.0,0.0,0.0,0.0,120.0,0.0,0.0,0.0,60.0,12.0,0.0,35.0,15.0,0.0,0.0,0.0,0.0,0.0,145.0,44.0,0.0,0.0,POINT (-0.135121577 51.56549053),Archway,"2,3",2
7,7,0.0,0.0,0.0,0.0,0.0,0.0,0.0,0.0,0.0,1.0,0.0,0.0,0.0,0.0,0.0,0.0,0.0,0.0,81.0,0.0,0.0,0.0,0.0,0.0,0.0,0.0,0.0,0.0,0.0,0.0,POINT (-0.134270219 51.61623014),ArnosGrove,4,4
8,8,15.0,0.0,0.0,0.0,0.0,0.0,0.0,0.0,0.0,0.0,0.0,0.0,6.0,0.0,0.0,0.0,0.0,0.0,31.0,0.0,0.0,0.0,0.0,0.0,0.0,0.0,0.0,0.0,0.0,0.0,POINT (-0.105499934 51.55854138),Arsenal,2,2
9,9,0.0,32.0,0.0,103.0,0.0,11.0,0.0,0.0,0.0,55.0,0.0,0.0,0.0,27.0,0.0,0.0,97.0,175.0,201.0,2.0,12.0,0.0,17.0,0.0,0.0,0.0,13.0,177.0,104.0,27.0,POINT (-0.156904194 51.52312962),BakerStreet,1,1
10,10,0.0,0.0,0.0,0.0,0.0,0.0,0.0,5.0,0.0,0.0,0.0,0.0,79.0,0.0,0.0,46.0,0.0,0.0,15.0,0.0,0.0,0.0,0.0,0.0,0.0,0.0,154.0,12.0,0.0,0.0,POINT (-0.152685163 51.44318256),Balham,3,3
11,11,16.0,41.0,299.0,18.0,83.0,178.0,0.0,110.0,0.0,2.0,0.0,151.0,287.0,41.0,150.0,273.0,417.0,187.0,59.0,33.0,304.0,0.0,0.0,17.0,91.0,0.0,1351.0,223.0,47.0,0.0,POINT (-0.089000124 51.51334706),Bank/Monument,1,1
12,12,101.0,0.0,0.0,0.0,0.0,0.0,27.0,0.0,54.0,0.0,0.0,0.0,0.0,5.0,0.0,1.0,0.0,223.0,0.0,31.0,0.0,0.0,15.0,0.0,0.0,0.0,0.0,47.0,22.0,0.0,POINT (-0.097721579 51.52021528),Barbican,1,1
13,13,0.0,0.0,0.0,0.0,0.0,0.0,0.0,0.0,0.0,0.0,0.0,0.0,0.0,0.0,0.0,0.0,0.0,0.0,1.0,0.0,0.0,0.0,0.0,0.0,0.0,0.0,10.0,2.0,0.0,2.0,POINT (0.08083161 51.53952111),Barking,4,4
14,14,0.0,0.0,0.0,0.0,0.0,0.0,0.0,0.0,0.0,0.0,0.0,0.0,0.0,0.0,0.0,0.0,0.0,0.0,0.0,0.0,0.0,0.0,0.0,0.0,0.0,0.0,0.0,0.0,0.0,0.0,POINT (0.08847664 51.58585061),Barkingside,4,4
15,15,0.0,0.0,0.0,0.0,36.0,0.0,0.0,19.0,0.0,25.0,40.0,0.0,76.0,0.0,0.0,0.0,0.0,23.0,43.0,37.0,0.0,0.0,0.0,0.0,0.0,0.0,7.0,31.0,0.0,0.0,POINT (-0.213430145 51.49022868),BaronsCourt,2,2
16,16,0.0,0.0,0.0,0.0,9.0,0.0,0.0,40.0,10.0,0.0,13.0,0.0,0.0,17.0,0.0,0.0,0.0,94.0,0.0,0.0,0.0,0.0,0.0,0.0,0.0,0.0,0.0,244.0,0.0,0.0,POINT (-0.187901574 51.51211129),Bayswater,1,1
17,17,0.0,0.0,0.0,0.0,0.0,0.0,0.0,0.0,0.0,0.0,0.0,0.0,0.0,0.0,0.0,0.0,0.0,0.0,0.0,0.0,0.0,0.0,0.0,0.0,0.0,0.0,0.0,0.0,0.0,0.0,POINT (0.126880292 51.53958541),Becontree,5,5
18,18,13.0,2.0,0.0,0.0,0.0,0.0,0.0,25.0,0.0,1.0,0.0,0.0,3.0,0.0,0.0,0.0,2.0,0.0,0.0,13.0,0.0,0.0,0.0,0.0,0.0,0.0,0.0,109.0,0.0,0.0,POINT (-0.163974493 51.55019088),BelsizePark,2,2
19,19,0.0,0.0,0.0,0.0,4.0,0.0,0.0,0.0,0.0,0.0,0.0,0.0,0.0,0.0,0.0,0.0,0.0,0.0,21.0,15.0,0.0,0.0,0.0,0.0,0.0,3.0,0.0,0.0,0.0,3.0,POINT (-0.06433009000000001 51.49796078),Bermondsey,2,2
20,20,0.0,0.0,0.0,0.0,0.0,0.0,0.0,0.0,0.0,0.0,0.0,0.0,45.0,0.0,0.0,0.0,130.0,0.0,0.0,0.0,0.0,0.0,0.0,0.0,0.0,0.0,3.0,50.0,0.0,0.0,POINT (-0.055392112 51.52719174),BethnalGreen,2,2
21,21,54.0,25.0,0.0,0.0,0.0,0.0,0.0,56.0,21.0,0.0,0.0,0.0,0.0,74.0,0.0,104.0,0.0,26.0,0.0,13.0,0.0,128.0,0.0,60.0,0.0,0.0,0.0,427.0,0.0,3.0,POINT (-0.102995385 51.51158693),Blackfriars,1,1
22,22,0.0,0.0,0.0,0.0,0.0,0.0,0.0,0.0,0.0,0.0,0.0,0.0,0.0,0.0,0.0,0.0,4.0,19.0,0.0,1.0,0.0,0.0,0.0,0.0,0.0,0.0,80.0,47.0,0.0,0.0,POINT (-0.039625712 51.58577663),BlackhorseRoad,3,3
23,23,63.0,0.0,0.0,0.0,4.0,0.0,0.0,0.0,3.0,60.0,32.0,193.0,72.0,44.0,0.0,8.0,36.0,132.0,73.0,47.0,104.0,0.0,41.0,18.0,193.0,6.0,44.0,223.0,12.0,69.0,POINT (-0.14961361 51.51379752),BondStreet,1,1
24,24,0.0,0.0,0.0,0.0,0.0,0.0,0.0,0.0,0.0,0.0,0.0,0.0,11.0,0.0,0.0,0.0,0.0,0.0,0.0,0.0,0.0,0.0,0.0,0.0,0.0,0.0,0.0,0.0,0.0,0.0,POINT (-0.09419732300000001 51.50104887),Borough,1,1
25,25,0.0,0.0,0.0,0.0,0.0,0.0,0.0,0.0,0.0,0.0,0.0,0.0,0.0,0.0,0.0,0.0,0.0,0.0,65.0,0.0,0.0,0.0,0.0,0.0,0.0,0.0,0.0,0.0,0.0,0.0,POINT (-0.324747189 51.49576554),BostonManor,4,4
26,26,0.0,0.0,0.0,0.0,0.0,0.0,0.0,0.0,0.0,48.0,38.0,0.0,0.0,0.0,0.0,0.0,0.0,0.0,52.0,0.0,0.0,0.0,0.0,0.0,0.0,0.0,0.0,0.0,0.0,0.0,POINT (-0.124177066 51.60703192),BoundsGreen,"3,4",3
27,27,0.0,0.0,4.0,0.0,0.0,0.0,0.0,0.0,0.0,0.0,0.0,0.0,0.0,0.0,13.0,0.0,30.0,0.0,16.0,0.0,0.0,0.0,2.0,0.0,0.0,0.0,0.0,0.0,0.0,6.0,POINT (-0.024359591 51.52704181),BowRoad,2,2
28,28,0.0,0.0,0.0,48.0,0.0,0.0,0.0,0.0,0.0,8.0,0.0,0.0,101.0,0.0,0.0,0.0,0.0,0.0,0.0,0.0,0.0,0.0,0.0,0.0,0.0,0.0,0.0,13.0,0.0,0.0,POINT (-0.213335841 51.57659922),BrentCross,3,3
29,29,10.0,5.0,7.0,0.0,44.0,0.0,0.0,11.0,0.0,143.0,3.0,0.0,68.0,0.0,25.0,0.0,269.0,76.0,53.0,40.0,0.0,1.0,14.0,0.0,30.0,0.0,0.0,416.0,0.0,0.0,POINT (-0.114552098 51.46273679999999),Brixton,2,2
30,30,0.0,0.0,0.0,0.0,0.0,0.0,0.0,0.0,0.0,0.0,0.0,0.0,0.0,0.0,0.0,34.0,0.0,0.0,0.0,0.0,0.0,0.0,0.0,0.0,0.0,0.0,0.0,0.0,0.0,0.0,POINT (-0.011682374 51.5248402),Bromley-by-Bow,"2,3",2
31,31,0.0,0.0,0.0,0.0,0.0,0.0,0.0,0.0,0.0,0.0,0.0,0.0,0.0,0.0,0.0,0.0,0.0,0.0,74.0,0.0,0.0,0.0,0.0,0.0,0.0,0.0,0.0,4.0,0.0,0.0,POINT (0.046712541 51.62657666),BuckhurstHill,5,5
32,32,0.0,0.0,0.0,1.0,0.0,0.0,0.0,0.0,0.0,0.0,0.0,0.0,0.0,0.0,0.0,0.0,0.0,0.0,0.0,0.0,0.0,0.0,0.0,4.0,0.0,0.0,79.0,15.0,0.0,0.0,POINT (-0.264330712 51.60255191),BurntOak,4,4
33,33,0.0,0.0,0.0,0.0,49.0,0.0,0.0,0.0,0.0,0.0,0.0,0.0,88.0,6.0,1.0,0.0,0.0,0.0,119.0,0.0,0.0,0.0,0.0,0.0,0.0,0.0,0.0,0.0,0.0,0.0,POINT (-0.118360862 51.54788544),CaledonianRoad,2,2
34,34,0.0,0.0,0.0,154.0,17.0,0.0,0.0,12.0,0.0,0.0,2.0,0.0,135.0,6.0,0.0,0.0,78.0,67.0,0.0,0.0,0.0,0.0,29.0,0.0,0.0,0.0,429.0,209.0,4.0,13.0,POINT (-0.142452381 51.53996935),CamdenTown,2,2
35,35,60.0,0.0,170.0,0.0,0.0,0.0,0.0,0.0,13.0,178.0,0.0,33.0,218.0,0.0,0.0,0.0,38.0,82.0,0.0,29.0,33.0,0.0,0.0,10.0,56.0,0.0,0.0,58.0,0.0,13.0,POINT (-0.050807121 51.49816841),CanadaWater,2,2
36,36,280.0,0.0,328.0,0.0,36.0,45.0,0.0,27.0,23.0,216.0,19.0,67.0,117.0,54.0,7.0,124.0,69.0,182.0,124.0,65.0,97.0,0.0,14.0,41.0,155.0,0.0,192.0,324.0,23.0,174.0,POINT (-0.01946684 51.50357839999999),CanaryWharf,2,2
37,37,2.0,0.0,24.0,0.0,0.0,8.0,0.0,0.0,0.0,66.0,0.0,129.0,0.0,0.0,0.0,0.0,0.0,0.0,1.0,1.0,0.0,0.0,0.0,0.0,0.0,7.0,0.0,123.0,0.0,30.0,POINT (0.008305633 51.51387029),CanningTown,3,3
38,38,0.0,0.0,0.0,3.0,0.0,0.0,0.0,84.0,0.0,0.0,0.0,0.0,17.0,0.0,0.0,0.0,3.0,0.0,0.0,0.0,0.0,0.0,0.0,52.0,15.0,0.0,0.0,199.0,9.0,22.0,POINT (-0.090250527 51.51136209),CannonStreet,1,1
39,39,0.0,0.0,0.0,0.0,0.0,0.0,0.0,0.0,0.0,0.0,0.0,0.0,0.0,0.0,0.0,0.0,0.0,0.0,0.0,0.0,0.0,0.0,0.0,0.0,14.0,0.0,0.0,0.0,0.0,0.0,POINT (-0.294391597 51.60765057),CanonsPark,5,5
40,40,0.0,8.0,0.0,0.0,0.0,0.0,0.0,0.0,0.0,0.0,0.0,0.0,0.0,0.0,0.0,0.0,0.0,0.0,0.0,0.0,0.0,0.0,0.0,0.0,0.0,0.0,0.0,0.0,0.0,0.0,POINT (-0.561067777 51.66790748),Chalfont&Latimer,8,8
41,41,0.0,0.0,0.0,0.0,0.0,0.0,0.0,0.0,0.0,0.0,0.0,0.0,12.0,0.0,0.0,0.0,4.0,17.0,0.0,49.0,0.0,0.0,0.0,0.0,0.0,0.0,325.0,19.0,0.0,0.0,POINT (-0.153733071 51.54414909),ChalkFarm,2,2
42,42,35.0,0.0,80.0,0.0,0.0,23.0,0.0,4.0,0.0,7.0,0.0,74.0,83.0,51.0,199.0,65.0,137.0,40.0,77.0,0.0,160.0,0.0,0.0,0.0,85.0,0.0,5.0,205.0,46.0,0.0,POINT (-0.111962027 51.51849402),ChanceryLane,1,1
43,43,81.0,0.0,16.0,0.0,0.0,93.0,0.0,11.0,0.0,7.0,0.0,27.0,23.0,57.0,7.0,211.0,118.0,397.0,0.0,0.0,19.0,36.0,0.0,0.0,42.0,0.0,136.0,92.0,65.0,0.0,POINT (-0.124802938 51.50835863),CharingCross,1,1
44,44,0.0,0.0,0.0,0.0,0.0,0.0,0.0,0.0,0.0,0.0,0.0,0.0,0.0,0.0,0.0,0.0,0.0,0.0,0.0,0.0,0.0,0.0,0.0,0.0,0.0,0.0,0.0,0.0,0.0,0.0,POINT (-0.6114296570000001 51.70538002),Chesham,9,9
45,45,0.0,0.0,0.0,0.0,0.0,0.0,0.0,0.0,0.0,0.0,0.0,0.0,0.0,0.0,4.0,0.0,1.0,0.0,0.0,0.0,0.0,0.0,0.0,0.0,0.0,0.0,0.0,0.0,0.0,0.0,POINT (0.07617921499999999 51.61785787),Chigwell,4,4
46,46,0.0,0.0,0.0,0.0,0.0,0.0,0.0,17.0,0.0,0.0,0.0,0.0,0.0,0.0,0.0,0.0,0.0,0.0,0.0,0.0,0.0,0.0,0.0,0.0,0.0,0.0,0.0,78.0,0.0,0.0,POINT (-0.267736922 51.49437071),ChiswickPark,3,3
47,47,0.0,0.0,0.0,0.0,0.0,0.0,0.0,0.0,0.0,18.0,0.0,0.0,0.0,0.0,0.0,0.0,0.0,0.0,0.0,0.0,0.0,0.0,0.0,0.0,0.0,0.0,0.0,0.0,0.0,0.0,POINT (-0.518333927 51.65426593),Chorleywood,7,7
48,48,0.0,0.0,0.0,0.0,0.0,0.0,0.0,33.0,0.0,0.0,0.0,0.0,108.0,0.0,0.0,0.0,60.0,0.0,7.0,14.0,0.0,14.0,0.0,0.0,0.0,0.0,6.0,42.0,26.0,0.0,POINT (-0.138314902 51.46180367),ClaphamCommon,2,2
49,49,0.0,0.0,0.0,0.0,0.0,0.0,0.0,0.0,0.0,34.0,0.0,0.0,31.0,0.0,0.0,0.0,0.0,0.0,7.0,0.0,0.0,0.0,0.0,0.0,0.0,0.0,0.0,1.0,0.0,0.0,POINT (-0.129910063 51.46491621),ClaphamNorth,2,2
50,50,0.0,0.0,0.0,0.0,0.0,0.0,0.0,0.0,0.0,0.0,0.0,0.0,47.0,0.0,0.0,0.0,12.0,0.0,0.0,3.0,20.0,0.0,0.0,4.0,0.0,0.0,47.0,40.0,0.0,0.0,POINT (-0.14798407 51.45267649),ClaphamSouth,"2,3",2
51,51,0.0,0.0,0.0,30.0,0.0,0.0,9.0,0.0,0.0,0.0,0.0,0.0,0.0,0.0,0.0,0.0,0.0,0.0,35.0,0.0,0.0,0.0,0.0,0.0,0.0,0.0,0.0,21.0,0.0,0.0,POINT (-0.149916711 51.65202448),Cockfosters,5,5
52,52,0.0,0.0,18.0,0.0,0.0,0.0,0.0,0.0,0.0,0.0,0.0,0.0,0.0,0.0,0.0,0.0,54.0,0.0,0.0,5.0,10.0,0.0,0.0,0.0,0.0,0.0,0.0,44.0,0.0,0.0,POINT (-0.250287544 51.59523052),Colindale,4,4
53,53,0.0,0.0,0.0,0.0,0.0,18.0,0.0,0.0,0.0,0.0,0.0,0.0,0.0,0.0,33.0,0.0,0.0,0.0,5.0,0.0,0.0,0.0,0.0,0.0,0.0,0.0,0.0,4.0,0.0,0.0,POINT (-0.1774151 51.41875919),ColliersWood,3,3
54,54,27.0,18.0,17.0,14.0,0.0,0.0,0.0,0.0,0.0,63.0,99.0,37.0,168.0,9.0,55.0,75.0,0.0,145.0,142.0,47.0,25.0,0.0,0.0,0.0,28.0,0.0,0.0,394.0,35.0,0.0,POINT (-0.124506895 51.51276023),CoventGarden,1,1
55,55,0.0,0.0,10.0,4.0,0.0,0.0,0.0,0.0,0.0,0.0,0.0,0.0,0.0,0.0,0.0,0.0,0.0,0.0,0.0,0.0,0.0,0.0,0.0,0.0,0.0,0.0,0.0,0.0,0.0,0.0,POINT (-0.441603798 51.64700528),Croxley,7,7
56,56,0.0,0.0,0.0,0.0,0.0,0.0,0.0,0.0,0.0,0.0,0.0,0.0,0.0,0.0,15.0,0.0,0.0,0.0,0.0,0.0,0.0,0.0,0.0,0.0,0.0,0.0,0.0,0.0,0.0,0.0,POINT (0.165833432 51.54418734),DagenhamEast,5,5
57,57,0.0,0.0,0.0,0.0,0.0,0.0,0.0,0.0,0.0,0.0,0.0,0.0,0.0,0.0,0.0,0.0,0.0,0.0,0.0,0.0,0.0,0.0,0.0,0.0,0.0,0.0,0.0,17.0,0.0,0.0,POINT (0.14767972 51.54121179),DagenhamHeathway,5,5
58,58,0.0,0.0,0.0,0.0,0.0,0.0,0.0,0.0,0.0,0.0,0.0,0.0,0.0,0.0,0.0,0.0,0.0,0.0,0.0,0.0,0.0,0.0,0.0,0.0,0.0,0.0,0.0,0.0,0.0,0.0,POINT (0.083801475 51.645492),Debden,6,6
59,59,1.0,0.0,0.0,0.0,31.0,0.0,0.0,0.0,0.0,37.0,0.0,0.0,0.0,0.0,0.0,0.0,0.0,52.0,0.0,0.0,0.0,0.0,0.0,0.0,0.0,0.0,0.0,12.0,0.0,21.0,POINT (-0.238797762 51.55185059),DollisHill,3,3
60,60,0.0,0.0,46.0,7.0,0.0,5.0,0.0,0.0,0.0,0.0,0.0,0.0,0.0,0.0,8.0,0.0,32.0,0.0,80.0,0.0,3.0,0.0,0.0,0.0,0.0,0.0,10.0,68.0,0.0,0.0,POINT (-0.302010381 51.51486197),EalingBroadway,3,3
61,61,0.0,0.0,0.0,0.0,0.0,0.0,0.0,3.0,0.0,0.0,0.0,0.0,0.0,0.0,0.0,0.0,0.0,0.0,6.0,0.0,0.0,0.0,0.0,0.0,0.0,0.0,0.0,17.0,0.0,3.0,POINT (-0.287151418 51.51024866),EalingCommon,3,3
62,62,0.0,60.0,0.0,0.0,78.0,0.0,30.0,66.0,6.0,42.0,55.0,0.0,122.0,0.0,0.0,0.0,33.0,47.0,161.0,0.0,0.0,0.0,0.0,0.0,0.0,10.0,0.0,245.0,0.0,48.0,POINT (-0.194313809 51.49135667),EarlsCourt,"1,2",1
63,63,0.0,0.0,0.0,11.0,0.0,0.0,0.0,0.0,0.0,0.0,0.0,0.0,0.0,0.0,0.0,0.0,29.0,0.0,0.0,0.0,0.0,0.0,0.0,0.0,0.0,0.0,0.0,15.0,0.0,0.0,POINT (-0.248112225 51.51626341),EastActon,2,2
64,65,0.0,0.0,0.0,45.0,0.0,0.0,0.0,0.0,0.0,0.0,0.0,0.0,0.0,0.0,0.0,0.0,6.0,0.0,0.0,0.0,0.0,0.0,0.0,0.0,0.0,0.0,173.0,84.0,0.0,0.0,POINT (-0.164743886 51.58733254),EastFinchley,3,3
65,66,0.0,0.0,0.0,0.0,0.0,0.0,0.0,17.0,0.0,0.0,0.0,0.0,0.0,0.0,1.0,0.0,0.0,11.0,0.0,0.0,6.0,0.0,0.0,0.0,0.0,0.0,11.0,106.0,0.0,24.0,POINT (0.051516293 51.53924616),EastHam,"3,4",3
66,67,0.0,40.0,0.0,0.0,0.0,0.0,93.0,1.0,0.0,0.0,0.0,0.0,0.0,0.0,0.0,0.0,0.0,4.0,55.0,32.0,0.0,0.0,0.0,0.0,0.0,0.0,0.0,35.0,0.0,0.0,POINT (-0.210998234 51.45887978),EastPutney,"2,3",2
67,64,7.0,0.0,0.0,0.0,0.0,0.0,0.0,0.0,18.0,0.0,0.0,0.0,0.0,0.0,0.0,0.0,0.0,0.0,0.0,0.0,0.0,0.0,0.0,0.0,0.0,0.0,0.0,0.0,0.0,0.0,POINT (-0.396823299 51.57655182),Eastcote,5,5
68,68,0.0,0.0,0.0,0.0,0.0,0.0,0.0,0.0,0.0,0.0,0.0,0.0,24.0,0.0,0.0,0.0,0.0,0.0,0.0,0.0,0.0,0.0,0.0,0.0,0.0,0.0,0.0,0.0,0.0,0.0,POINT (-0.275093666 51.61422962),Edgware,5,5
69,69,18.0,0.0,0.0,84.0,0.0,0.0,0.0,6.0,0.0,0.0,0.0,0.0,0.0,19.0,0.0,1.0,32.0,0.0,108.0,0.0,0.0,2.0,0.0,1.0,0.0,0.0,0.0,55.0,0.0,0.0,POINT (-0.170539552 51.52064536),EdgwareRoad(Bak),1,1
70,70,0.0,0.0,0.0,0.0,0.0,0.0,0.0,0.0,0.0,0.0,0.0,0.0,0.0,0.0,0.0,0.0,0.0,16.0,0.0,0.0,0.0,0.0,16.0,2.0,0.0,0.0,0.0,10.0,0.0,0.0,POINT (-0.167668254 51.51999804),EdgwareRoad(Cir),1,1
71,71,30.0,3.0,11.0,58.0,0.0,54.0,0.0,21.0,0.0,0.0,0.0,0.0,0.0,4.0,5.0,51.0,93.0,107.0,133.0,0.0,0.0,0.0,0.0,0.0,1.0,0.0,0.0,35.0,0.0,0.0,POINT (-0.100738715 51.49584938),Elephant&Castle,"1,2",1
72,72,0.0,0.0,0.0,0.0,0.0,0.0,0.0,0.0,0.0,0.0,0.0,0.0,0.0,0.0,0.0,0.0,0.0,11.0,0.0,0.0,0.0,0.0,0.0,0.0,0.0,0.0,0.0,0.0,0.0,0.0,POINT (0.197252682 51.54912458),ElmPark,6,6
73,73,60.0,56.0,0.0,40.0,0.0,38.0,0.0,0.0,0.0,0.0,0.0,0.0,65.0,7.0,0.0,152.0,66.0,142.0,29.0,29.0,0.0,5.0,0.0,43.0,0.0,0.0,76.0,1062.0,23.0,0.0,POINT (-0.122367337 51.50731249),Embankment,1,1
74,74,0.0,0.0,0.0,0.0,0.0,0.0,0.0,0.0,0.0,0.0,0.0,0.0,0.0,0.0,0.0,0.0,0.0,0.0,0.0,18.0,0.0,0.0,0.0,0.0,0.0,0.0,0.0,0.0,0.0,0.0,POINT (0.113825553 51.69368617),Epping,6,6
75,75,0.0,0.0,0.0,228.0,0.0,0.0,0.0,32.0,0.0,231.0,0.0,0.0,201.0,0.0,0.0,4.0,716.0,0.0,0.0,107.0,3.0,0.0,0.0,88.0,0.0,39.0,348.0,1242.0,0.0,3.0,POINT (-0.133296472 51.52866433),Euston,1,1
76,76,95.0,46.0,0.0,0.0,0.0,0.0,1.0,0.0,0.0,0.0,0.0,0.0,0.0,1.0,0.0,77.0,0.0,443.0,0.0,0.0,0.0,0.0,31.0,0.0,6.0,0.0,0.0,15.0,0.0,0.0,POINT (-0.133296472 51.52866433),EustonSquare,1,1
77,77,0.0,0.0,0.0,0.0,0.0,0.0,0.0,0.0,0.0,0.0,0.0,0.0,0.0,0.0,0.0,0.0,0.0,0.0,0.0,0.0,0.0,0.0,0.0,0.0,0.0,0.0,0.0,0.0,0.0,0.0,POINT (0.090593279 51.59610954),Fairlop,4,4
78,78,264.0,1.0,0.0,0.0,0.0,0.0,102.0,0.0,20.0,58.0,0.0,0.0,0.0,20.0,0.0,43.0,0.0,578.0,0.0,112.0,0.0,0.0,131.0,0.0,100.0,0.0,0.0,79.0,0.0,0.0,POINT (-0.104843062 51.52019569),Farringdon,1,1
79,79,0.0,0.0,0.0,0.0,0.0,0.0,0.0,0.0,0.0,0.0,0.0,0.0,0.0,0.0,0.0,0.0,5.0,0.0,0.0,0.0,0.0,0.0,0.0,0.0,0.0,0.0,0.0,0.0,0.0,0.0,POINT (-0.193220637 51.60090325),FinchleyCentral,4,4
80,80,0.0,0.0,41.0,9.0,0.0,0.0,0.0,0.0,0.0,0.0,0.0,0.0,0.0,0.0,0.0,35.0,0.0,18.0,23.0,0.0,0.0,0.0,0.0,0.0,28.0,0.0,0.0,20.0,2.0,0.0,POINT (-0.180050561 51.54709620000001),FinchleyRoad,2,2
81,81,0.0,0.0,57.0,0.0,97.0,0.0,0.0,0.0,0.0,3.0,0.0,0.0,35.0,3.0,0.0,0.0,158.0,0.0,10.0,7.0,0.0,0.0,0.0,0.0,0.0,0.0,2.0,100.0,0.0,0.0,POINT (-0.105881486 51.56463545),FinsburyPark,2,2
82,82,0.0,0.0,0.0,0.0,0.0,0.0,2.0,50.0,0.0,9.0,0.0,0.0,137.0,0.0,0.0,0.0,0.0,99.0,0.0,0.0,0.0,0.0,0.0,0.0,0.0,44.0,0.0,232.0,0.0,40.0,POINT (-0.195544164 51.4802609),FulhamBroadway,2,2
83,83,0.0,0.0,1.0,0.0,0.0,0.0,6.0,0.0,0.0,0.0,0.0,0.0,0.0,0.0,31.0,0.0,2.0,0.0,0.0,0.0,0.0,0.0,0.0,0.0,0.0,0.0,3.0,0.0,0.0,0.0,POINT (0.06608409799999999 51.57655295),GantsHill,4,4
84,84,0.0,38.0,0.0,0.0,97.0,0.0,0.0,99.0,0.0,33.0,0.0,0.0,149.0,0.0,0.0,0.0,0.0,114.0,325.0,14.0,0.0,0.0,0.0,0.0,0.0,0.0,0.0,314.0,0.0,67.0,POINT (-0.18354356 51.49449956),GloucesterRoad,1,1
85,85,0.0,0.0,0.0,0.0,0.0,0.0,0.0,0.0,0.0,0.0,0.0,0.0,19.0,0.0,0.0,0.0,0.0,0.0,0.0,0.0,0.0,0.0,0.0,0.0,0.0,0.0,0.0,36.0,0.0,0.0,POINT (-0.194834559 51.57221553),GoldersGreen,3,3
86,86,0.0,0.0,0.0,0.0,0.0,0.0,113.0,0.0,1.0,0.0,0.0,0.0,0.0,0.0,0.0,0.0,0.0,0.0,0.0,0.0,0.0,0.0,0.0,0.0,0.0,0.0,0.0,15.0,0.0,0.0,POINT (-0.227404006 51.50207697),GoldhawkRoad,2,2
87,87,0.0,0.0,0.0,307.0,0.0,0.0,0.0,0.0,0.0,0.0,0.0,0.0,49.0,0.0,0.0,0.0,0.0,0.0,0.0,0.0,0.0,0.0,0.0,0.0,0.0,0.0,92.0,49.0,4.0,0.0,POINT (-0.13480769 51.52061311),GoodgeStreet,1,1
88,88,0.0,0.0,0.0,0.0,0.0,0.0,0.0,0.0,0.0,0.0,0.0,0.0,0.0,0.0,0.0,0.0,0.0,0.0,0.0,0.0,0.0,0.0,0.0,0.0,0.0,0.0,0.0,4.0,0.0,0.0,POINT (0.09227253000000001 51.61348043),GrangeHill,4,4
89,89,12.0,31.0,0.0,0.0,0.0,0.0,99.0,0.0,0.0,0.0,0.0,0.0,0.0,45.0,0.0,4.0,0.0,26.0,0.0,0.0,0.0,0.0,0.0,0.0,0.0,0.0,0.0,0.0,0.0,0.0,POINT (-0.143961425 51.5237888),GreatPortlandStreet,1,1
90,91,89.0,0.0,45.0,0.0,0.0,0.0,0.0,0.0,0.0,0.0,0.0,11.0,0.0,47.0,53.0,80.0,130.0,178.0,0.0,155.0,0.0,0.0,0.0,3.0,77.0,0.0,0.0,917.0,18.0,45.0,POINT (-0.142477576 51.50676048),GreenPark,1,1
91,90,0.0,0.0,0.0,0.0,0.0,0.0,0.0,0.0,0.0,7.0,0.0,0.0,0.0,5.0,32.0,0.0,0.0,0.0,0.0,0.0,0.0,0.0,0.0,0.0,0.0,0.0,0.0,0.0,0.0,0.0,POINT (-0.34587874 51.54198007),Greenford,4,4
92,92,14.0,0.0,0.0,1.0,0.0,0.0,0.0,0.0,0.0,0.0,0.0,0.0,53.0,0.0,0.0,0.0,0.0,0.0,0.0,0.0,0.0,0.0,0.0,0.0,0.0,0.0,0.0,5.0,0.0,0.0,POINT (-0.275164136 51.49186341),Gunnersbury,3,3
93,93,0.0,0.0,0.0,0.0,0.0,0.0,0.0,0.0,0.0,0.0,0.0,0.0,0.0,0.0,0.0,0.0,0.0,0.0,0.0,0.0,0.0,0.0,0.0,0.0,0.0,0.0,0.0,0.0,0.0,0.0,POINT (0.09410855 51.60284533),Hainault,4,4
94,267,6.0,22.0,13.0,12.0,59.0,0.0,0.0,87.0,0.0,36.0,45.0,0.0,180.0,0.0,0.0,0.0,29.0,5.0,200.0,19.0,0.0,0.0,0.0,0.0,0.0,48.0,35.0,449.0,7.0,10.0,,Hammersmith(Dis),,n
95,94,32.0,0.0,0.0,0.0,0.0,0.0,41.0,0.0,9.0,0.0,0.0,0.0,0.0,0.0,0.0,0.0,0.0,358.0,0.0,0.0,0.0,0.0,96.0,0.0,0.0,0.0,0.0,0.0,0.0,0.0,POINT (-0.222860929 51.49181978),Hammersmith(H&C),2,2
96,95,0.0,0.0,0.0,75.0,0.0,0.0,0.0,0.0,0.0,37.0,0.0,0.0,23.0,0.0,0.0,0.0,0.0,0.0,0.0,0.0,0.0,0.0,0.0,0.0,0.0,0.0,0.0,0.0,0.0,0.0,POINT (-0.17801456 51.5565426),Hampstead,2,2
97,96,0.0,0.0,0.0,8.0,0.0,0.0,0.0,0.0,0.0,0.0,0.0,2.0,9.0,0.0,0.0,0.0,17.0,0.0,0.0,10.0,2.0,0.0,0.0,0.0,0.0,0.0,0.0,20.0,0.0,0.0,POINT (-0.292996146 51.53007203),HangerLane,3,3
98,97,30.0,0.0,0.0,0.0,0.0,0.0,0.0,0.0,0.0,0.0,0.0,0.0,0.0,0.0,0.0,0.0,0.0,0.0,14.0,0.0,0.0,0.0,0.0,0.0,0.0,0.0,107.0,0.0,0.0,0.0,POINT (-0.257495674 51.53625833),Harlesden,3,3
99,99,0.0,0.0,0.0,0.0,0.0,0.0,0.0,0.0,0.0,0.0,0.0,0.0,0.0,0.0,0.0,0.0,20.0,0.0,0.0,0.0,0.0,0.0,0.0,0.0,0.0,0.0,0.0,1.0,0.0,0.0,POINT (-0.334252685 51.59259463),Harrow&Wealdstone,5,5
100,98,22.0,0.0,9.0,0.0,0.0,1.0,0.0,0.0,0.0,0.0,0.0,0.0,0.0,0.0,0.0,0.0,0.0,0.0,13.0,0.0,0.0,0.0,3.0,0.0,17.0,0.0,2.0,20.0,0.0,0.0,POINT (-0.337001517 51.57938812),Harrow-on-the-Hill,5,5
101,100,0.0,0.0,0.0,0.0,0.0,0.0,0.0,0.0,0.0,0.0,0.0,0.0,0.0,0.0,0.0,0.0,0.0,0.0,0.0,0.0,0.0,0.0,0.0,0.0,0.0,0.0,0.0,0.0,0.0,21.0,POINT (-0.423380563 51.46668529999999),HattonCross,"5,6",5
102,101,0.0,0.0,0.0,0.0,0.0,0.0,0.0,0.0,0.0,0.0,0.0,0.0,0.0,0.0,0.0,0.0,0.0,0.0,0.0,0.0,0.0,0.0,0.0,0.0,0.0,0.0,0.0,0.0,0.0,0.0,POINT (-0.44772959 51.45978043),HeathrowTerminal4,6,6
103,102,0.0,0.0,0.0,9.0,0.0,0.0,0.0,0.0,0.0,0.0,0.0,0.0,0.0,0.0,0.0,0.0,0.0,0.0,0.0,0.0,0.0,0.0,0.0,0.0,0.0,0.0,0.0,73.0,0.0,0.0,POINT (-0.490647503 51.47002543),HeathrowTerminal5,6,6
104,103,19.0,0.0,0.0,7.0,0.0,0.0,0.0,6.0,0.0,0.0,2.0,0.0,0.0,0.0,0.0,0.0,0.0,0.0,0.0,0.0,0.0,0.0,3.0,0.0,1.0,0.0,0.0,91.0,0.0,0.0,POINT (-0.452407226 51.4712894),HeathrowTerminals123,6,6
105,104,0.0,0.0,0.0,29.0,0.0,0.0,0.0,0.0,0.0,0.0,0.0,15.0,35.0,0.0,0.0,0.0,18.0,11.0,0.0,0.0,0.0,0.0,0.0,0.0,0.0,0.0,0.0,5.0,0.0,0.0,POINT (-0.22673414 51.58313305),HendonCentral,"3,4",3
106,105,0.0,0.0,0.0,20.0,0.0,0.0,0.0,0.0,0.0,0.0,0.0,0.0,0.0,0.0,0.0,0.0,0.0,0.0,0.0,0.0,19.0,0.0,0.0,0.0,0.0,0.0,0.0,0.0,0.0,0.0,POINT (-0.19416538 51.65168825),HighBarnet,5,5
107,108,41.0,109.0,0.0,3.0,21.0,0.0,97.0,99.0,48.0,0.0,0.0,0.0,42.0,41.0,0.0,0.0,40.0,133.0,49.0,18.0,0.0,0.0,0.0,16.0,0.0,0.0,0.0,285.0,22.0,9.0,POINT (-0.191566058 51.50072945),HighStreetKensington,1,1
108,106,0.0,0.0,0.0,2.0,12.0,0.0,5.0,0.0,0.0,27.0,0.0,0.0,10.0,0.0,0.0,2.0,955.0,28.0,1.0,2.0,33.0,0.0,2.0,0.0,0.0,0.0,17.0,179.0,3.0,0.0,POINT (-0.10408214 51.54649551),Highbury&Islington,2,2
109,107,0.0,0.0,22.0,12.0,0.0,0.0,0.0,0.0,0.0,19.0,0.0,0.0,3.0,0.0,0.0,0.0,0.0,0.0,0.0,0.0,0.0,0.0,0.0,0.0,0.0,0.0,0.0,0.0,0.0,0.0,POINT (-0.146934862 51.57764662),Highgate,3,3
110,109,10.0,0.0,0.0,0.0,0.0,0.0,0.0,0.0,0.0,0.0,0.0,0.0,0.0,5.0,0.0,0.0,0.0,0.0,0.0,0.0,0.0,0.0,0.0,0.0,0.0,0.0,0.0,0.0,0.0,0.0,POINT (-0.449897993 51.55377752),Hillingdon,6,6
111,110,43.0,0.0,140.0,50.0,0.0,0.0,0.0,0.0,9.0,40.0,126.0,257.0,155.0,85.0,60.0,58.0,156.0,115.0,130.0,227.0,218.0,0.0,0.0,0.0,86.0,0.0,0.0,353.0,10.0,16.0,POINT (-0.119840507 51.51723574),Holborn,1,1
112,111,0.0,0.0,0.0,0.0,0.0,0.0,0.0,0.0,0.0,0.0,0.0,0.0,0.0,0.0,0.0,0.0,38.0,0.0,0.0,0.0,0.0,0.0,0.0,0.0,0.0,0.0,0.0,0.0,0.0,0.0,POINT (-0.206557778 51.50714648),HollandPark,2,2
113,112,0.0,0.0,0.0,13.0,57.0,0.0,5.0,0.0,0.0,10.0,0.0,19.0,7.0,0.0,0.0,0.0,23.0,23.0,2.0,0.0,6.0,0.0,0.0,0.0,0.0,0.0,0.0,70.0,0.0,0.0,POINT (-0.112935697 51.5528161),HollowayRoad,2,2
114,113,0.0,0.0,0.0,0.0,0.0,0.0,0.0,0.0,0.0,0.0,0.0,0.0,0.0,0.0,0.0,0.0,0.0,0.0,0.0,0.0,0.0,0.0,0.0,0.0,0.0,0.0,0.0,0.0,0.0,0.0,POINT (0.218926997 51.55435511),Hornchurch,6,6
115,114,0.0,0.0,0.0,0.0,0.0,0.0,0.0,0.0,0.0,55.0,0.0,0.0,0.0,0.0,0.0,0.0,0.0,0.0,36.0,0.0,0.0,0.0,0.0,0.0,0.0,0.0,0.0,0.0,0.0,0.0,POINT (-0.365958129 51.47092577),HounslowCentral,4,4
116,115,0.0,8.0,0.0,0.0,0.0,0.0,0.0,0.0,0.0,0.0,0.0,0.0,56.0,0.0,0.0,0.0,0.0,0.0,20.0,0.0,0.0,1.0,8.0,0.0,0.0,0.0,0.0,3.0,0.0,0.0,POINT (-0.355275322 51.47370789),HounslowEast,4,4
117,116,0.0,0.0,0.0,0.0,0.0,0.0,0.0,0.0,0.0,0.0,0.0,0.0,0.0,0.0,0.0,0.0,31.0,0.0,0.0,0.0,0.0,0.0,0.0,0.0,0.0,0.0,0.0,0.0,0.0,0.0,POINT (-0.385707629 51.47310572),HounslowWest,5,5
118,117,23.0,0.0,0.0,20.0,3.0,0.0,0.0,0.0,0.0,28.0,0.0,0.0,90.0,0.0,0.0,1.0,0.0,0.0,48.0,0.0,15.0,0.0,0.0,0.0,0.0,0.0,0.0,0.0,15.0,0.0,POINT (-0.152474114 51.50258401),HydeParkCorner,1,1
119,118,0.0,0.0,0.0,0.0,0.0,0.0,0.0,0.0,0.0,0.0,0.0,0.0,0.0,0.0,0.0,0.0,0.0,0.0,0.0,0.0,0.0,0.0,0.0,0.0,0.0,0.0,0.0,0.0,0.0,0.0,POINT (-0.441579513 51.56082505),Ickenham,6,6
120,119,0.0,0.0,0.0,21.0,0.0,0.0,0.0,5.0,0.0,9.0,0.0,0.0,77.0,0.0,4.0,0.0,0.0,0.0,0.0,0.0,0.0,1.0,0.0,0.0,0.0,0.0,74.0,0.0,0.0,0.0,POINT (-0.105070613 51.48866246),Kennington,2,2
121,120,4.0,0.0,0.0,3.0,0.0,0.0,0.0,0.0,0.0,0.0,0.0,0.0,0.0,0.0,0.0,0.0,0.0,42.0,13.0,0.0,0.0,0.0,0.0,0.0,0.0,0.0,0.0,11.0,0.0,0.0,POINT (-0.224713384 51.53052421),KensalGreen,2,2
122,121,0.0,0.0,0.0,23.0,0.0,0.0,0.0,0.0,0.0,0.0,0.0,0.0,6.0,0.0,0.0,0.0,0.0,122.0,0.0,11.0,4.0,0.0,0.0,0.0,80.0,0.0,7.0,21.0,0.0,0.0,POINT (-0.140471264 51.55000952),KentishTown,2,2
123,122,0.0,0.0,33.0,0.0,0.0,0.0,0.0,0.0,0.0,0.0,0.0,0.0,0.0,0.0,0.0,0.0,0.0,45.0,0.0,0.0,0.0,0.0,0.0,0.0,0.0,0.0,0.0,0.0,0.0,0.0,POINT (-0.315216867 51.58149628),Kenton,4,4
124,123,0.0,1.0,0.0,0.0,0.0,0.0,0.0,16.0,0.0,0.0,0.0,0.0,0.0,0.0,3.0,0.0,15.0,0.0,57.0,0.0,0.0,0.0,0.0,0.0,0.0,0.0,0.0,1.0,0.0,0.0,POINT (-0.285381011 51.47678914),KewGardens,"3,4",3
125,124,0.0,0.0,0.0,0.0,0.0,0.0,0.0,0.0,0.0,37.0,0.0,0.0,0.0,0.0,0.0,0.0,0.0,34.0,0.0,0.0,0.0,0.0,0.0,0.0,0.0,0.0,0.0,0.0,0.0,0.0,POINT (-0.204632719 51.54694444),Kilburn,2,2
126,125,0.0,0.0,10.0,5.0,0.0,1.0,0.0,0.0,0.0,0.0,0.0,0.0,0.0,0.0,0.0,4.0,0.0,55.0,33.0,0.0,0.0,0.0,0.0,0.0,0.0,0.0,0.0,0.0,0.0,0.0,POINT (-0.193966057 51.53513554),KilburnPark,2,2
127,127,46.0,262.0,23.0,7.0,45.0,0.0,257.0,0.0,75.0,123.0,0.0,0.0,211.0,0.0,40.0,70.0,210.0,1024.0,224.0,145.0,173.0,0.0,0.0,38.0,6.0,0.0,11.0,1266.0,42.0,258.0,POINT (-0.122756421 51.53079819),KingsCrossSt.Pancras,1,1
128,126,17.0,0.0,0.0,0.0,0.0,0.0,0.0,0.0,13.0,0.0,0.0,0.0,0.0,0.0,0.0,0.0,0.0,0.0,0.0,7.0,0.0,0.0,0.0,0.0,0.0,0.0,0.0,0.0,0.0,0.0,POINT (-0.278601608 51.58487652),Kingsbury,4,4
129,128,0.0,180.0,73.0,52.0,316.0,0.0,0.0,15.0,0.0,72.0,0.0,45.0,395.0,0.0,0.0,0.0,85.0,114.0,478.0,56.0,0.0,0.0,0.0,0.0,0.0,0.0,0.0,256.0,25.0,0.0,POINT (-0.160664486 51.5013549),Knightsbridge,1,1
130,129,3.0,0.0,0.0,17.0,0.0,0.0,33.0,0.0,38.0,0.0,0.0,0.0,0.0,0.0,0.0,0.0,0.0,52.0,8.0,19.0,0.0,0.0,0.0,0.0,0.0,0.0,0.0,4.0,0.0,0.0,POINT (-0.210198172 51.51721067),LadbrokeGrove,2,2
131,130,8.0,0.0,0.0,19.0,0.0,0.0,0.0,7.0,0.0,0.0,0.0,0.0,8.0,5.0,0.0,2.0,25.0,32.0,41.0,0.0,0.0,2.0,0.0,0.0,2.0,0.0,19.0,0.0,3.0,0.0,POINT (-0.111768261 51.49912995),LambethNorth,1,1
132,131,0.0,0.0,8.0,21.0,55.0,0.0,0.0,0.0,0.0,0.0,0.0,0.0,37.0,0.0,21.0,0.0,45.0,0.0,55.0,0.0,17.0,0.0,0.0,0.0,0.0,0.0,0.0,0.0,6.0,0.0,POINT (-0.175429929 51.51189094),LancasterGate,1,1
133,132,27.0,0.0,0.0,0.0,0.0,0.0,0.0,0.0,0.0,0.0,0.0,0.0,0.0,0.0,0.0,0.0,7.0,0.0,0.0,0.0,0.0,0.0,0.0,0.0,0.0,0.0,0.0,0.0,0.0,0.0,POINT (-0.217459666 51.5139581),LatimerRoad,2,2
134,133,61.0,0.0,62.0,105.0,29.0,53.0,0.0,46.0,38.0,118.0,57.0,223.0,0.0,0.0,56.0,118.0,60.0,224.0,0.0,146.0,42.0,5.0,0.0,0.0,43.0,0.0,433.0,705.0,34.0,0.0,POINT (-0.128242148 51.51129118),LeicesterSquare,1,1
135,134,0.0,0.0,84.0,0.0,20.0,0.0,0.0,0.0,0.0,0.0,0.0,4.0,0.0,0.0,2.0,0.0,9.0,0.0,91.0,0.0,0.0,0.0,0.0,0.0,0.0,0.0,4.0,8.0,6.0,0.0,POINT (-0.006465332 51.55813227),Leyton,3,3
136,135,0.0,0.0,0.0,0.0,0.0,0.0,0.0,0.0,0.0,0.0,0.0,10.0,0.0,0.0,18.0,0.0,4.0,0.0,0.0,19.0,0.0,0.0,0.0,0.0,0.0,0.0,5.0,6.0,0.0,0.0,POINT (0.009140452 51.56852229),Leytonstone,"3,4",3
137,136,263.0,0.0,228.0,21.0,87.0,0.0,186.0,82.0,62.0,59.0,49.0,324.0,156.0,89.0,117.0,20.0,452.0,484.0,168.0,45.0,165.0,1.0,44.0,53.0,154.0,0.0,31.0,449.0,48.0,48.0,POINT (-0.08224962200000001 51.51759826),LiverpoolStreet,1,1
138,137,148.0,0.0,229.0,48.0,47.0,0.0,0.0,0.0,36.0,169.0,41.0,24.0,268.0,60.0,69.0,16.0,122.0,261.0,131.0,134.0,76.0,11.0,54.0,27.0,133.0,0.0,184.0,223.0,32.0,142.0,POINT (-0.086005598 51.50467435),LondonBridge,1,1
139,138,39.0,0.0,0.0,0.0,0.0,0.0,0.0,0.0,0.0,0.0,0.0,0.0,0.0,0.0,7.0,0.0,0.0,0.0,0.0,0.0,12.0,0.0,0.0,0.0,0.0,0.0,3.0,0.0,0.0,0.0,POINT (0.055279079 51.64157048),Loughton,6,6
140,139,43.0,0.0,0.0,12.0,0.0,28.0,0.0,0.0,0.0,0.0,0.0,0.0,0.0,0.0,0.0,0.0,7.0,36.0,0.0,0.0,0.0,0.0,0.0,0.0,0.0,0.0,0.0,0.0,0.0,0.0,POINT (-0.185432647 51.52999506),MaidaVale,2,2
141,140,25.0,0.0,0.0,0.0,14.0,0.0,0.0,0.0,0.0,17.0,0.0,0.0,114.0,0.0,0.0,0.0,0.0,0.0,6.0,0.0,0.0,0.0,0.0,0.0,0.0,0.0,0.0,38.0,0.0,0.0,POINT (-0.09568497599999999 51.57074714),ManorHouse,"2,3",2
142,141,0.0,9.0,0.0,0.0,0.0,0.0,0.0,71.0,0.0,0.0,0.0,0.0,0.0,0.0,0.0,34.0,0.0,0.0,0.0,26.0,0.0,0.0,2.0,100.0,23.0,0.0,0.0,310.0,0.0,22.0,POINT (-0.094197658 51.51209175),MansionHouse,1,1
143,142,0.0,0.0,91.0,32.0,0.0,0.0,0.0,0.0,0.0,0.0,0.0,21.0,0.0,0.0,0.0,35.0,56.0,61.0,73.0,0.0,21.0,0.0,0.0,0.0,0.0,0.0,25.0,94.0,0.0,28.0,POINT (-0.158571216 51.51396549),MarbleArch,1,1
144,143,31.0,0.0,0.0,128.0,0.0,0.0,0.0,47.0,0.0,0.0,0.0,0.0,0.0,31.0,0.0,0.0,67.0,178.0,73.0,0.0,0.0,0.0,0.0,32.0,0.0,0.0,21.0,392.0,0.0,0.0,POINT (-0.163492564 51.52239667),Marylebone,1,1
145,144,0.0,0.0,0.0,5.0,21.0,0.0,0.0,11.0,0.0,0.0,0.0,0.0,0.0,7.0,0.0,124.0,87.0,0.0,0.0,0.0,30.0,0.0,6.0,0.0,0.0,0.0,4.0,35.0,0.0,0.0,POINT (-0.032666084 51.52531097),MileEnd,2,2
146,145,0.0,0.0,0.0,0.0,0.0,0.0,0.0,0.0,0.0,0.0,0.0,0.0,0.0,0.0,0.0,0.0,0.0,0.0,0.0,0.0,0.0,0.0,0.0,0.0,0.0,0.0,0.0,0.0,0.0,0.0,POINT (-0.209895713 51.60831664),MillHillEast,4,4
147,147,0.0,0.0,0.0,0.0,0.0,0.0,0.0,0.0,0.0,0.0,0.0,0.0,0.0,0.0,0.0,0.0,0.0,0.0,0.0,0.0,0.0,0.0,0.0,0.0,0.0,0.0,0.0,0.0,0.0,0.0,POINT (-0.432913027 51.62993067),MoorPark,"6,7",6
148,146,542.0,0.0,0.0,0.0,0.0,0.0,0.0,5.0,78.0,0.0,0.0,0.0,0.0,11.0,0.0,13.0,0.0,317.0,0.0,0.0,0.0,0.0,12.0,0.0,84.0,1.0,0.0,55.0,18.0,0.0,POINT (-0.08901768800000001 51.51843714),Moorgate,1,1
149,148,0.0,0.0,0.0,52.0,12.0,0.0,0.0,14.0,0.0,0.0,0.0,0.0,0.0,0.0,0.0,0.0,11.0,0.0,0.0,0.0,0.0,0.0,0.0,0.0,0.0,0.0,0.0,2.0,0.0,0.0,POINT (-0.194851982 51.40218596),Morden,4,4
150,149,0.0,0.0,0.0,87.0,0.0,0.0,0.0,6.0,0.0,0.0,0.0,0.0,90.0,0.0,5.0,0.0,0.0,0.0,0.0,0.0,0.0,0.0,0.0,0.0,0.0,0.0,50.0,70.0,0.0,0.0,POINT (-0.13874435 51.53436222),MorningtonCrescent,2,2
151,150,0.0,0.0,0.0,0.0,0.0,0.0,0.0,0.0,0.0,11.0,0.0,16.0,0.0,0.0,0.0,0.0,0.0,0.0,30.0,0.0,0.0,0.0,0.0,0.0,0.0,0.0,9.0,5.0,0.0,0.0,POINT (-0.250115045 51.55462772),Neasden,3,3
152,151,0.0,0.0,0.0,0.0,0.0,0.0,0.0,0.0,0.0,0.0,0.0,0.0,0.0,0.0,0.0,0.0,0.0,0.0,0.0,0.0,0.0,0.0,0.0,0.0,0.0,0.0,0.0,0.0,0.0,0.0,POINT (0.09030315800000001 51.57563836),NewburyPark,4,4
153,152,0.0,0.0,22.0,0.0,0.0,0.0,0.0,0.0,0.0,0.0,0.0,0.0,8.0,0.0,0.0,0.0,22.0,0.0,0.0,17.0,11.0,0.0,0.0,0.0,0.0,0.0,2.0,30.0,0.0,0.0,POINT (-0.259729528 51.52343243),NorthActon,"2,3",2
154,153,0.0,0.0,0.0,0.0,0.0,0.0,0.0,0.0,0.0,0.0,0.0,0.0,0.0,0.0,0.0,0.0,0.0,0.0,0.0,0.0,0.0,0.0,0.0,0.0,0.0,0.0,0.0,26.0,0.0,0.0,POINT (-0.288993553 51.51762229),NorthEaling,3,3
155,155,114.0,0.0,50.0,0.0,19.0,0.0,0.0,0.0,0.0,123.0,0.0,0.0,46.0,0.0,0.0,30.0,0.0,195.0,0.0,0.0,0.0,0.0,0.0,0.0,61.0,39.0,0.0,227.0,0.0,23.0,POINT (0.003586259 51.50025515),NorthGreenwich,"2,3",2
156,156,0.0,0.0,0.0,0.0,0.0,0.0,0.0,0.0,0.0,0.0,0.0,0.0,0.0,0.0,0.0,0.0,0.0,0.0,0.0,0.0,0.0,0.0,0.0,0.0,0.0,0.0,0.0,0.0,0.0,0.0,POINT (-0.362632993 51.5846313),NorthHarrow,5,5
157,158,0.0,0.0,0.0,0.0,0.0,0.0,0.0,0.0,0.0,0.0,0.0,0.0,0.0,0.0,0.0,0.0,0.0,0.0,0.0,0.0,0.0,0.0,0.0,0.0,0.0,0.0,31.0,0.0,0.0,0.0,POINT (-0.303948219 51.56239629),NorthWembley,4,4
158,154,0.0,0.0,0.0,0.0,0.0,0.0,0.0,0.0,0.0,0.0,0.0,0.0,31.0,0.0,0.0,0.0,0.0,0.0,0.0,0.0,0.0,0.0,0.0,0.0,0.0,0.0,0.0,61.0,0.0,0.0,POINT (-0.315064819 51.50049167),Northfields,3,3
159,157,0.0,0.0,0.0,0.0,0.0,0.0,0.0,0.0,0.0,0.0,0.0,0.0,0.0,0.0,45.0,0.0,0.0,0.0,0.0,0.0,15.0,0.0,0.0,0.0,0.0,0.0,0.0,0.0,0.0,0.0,POINT (-0.368440596 51.5482129),Northolt,5,5
160,159,16.0,0.0,0.0,0.0,0.0,0.0,0.0,0.0,0.0,0.0,0.0,0.0,0.0,0.0,0.0,0.0,0.0,2.0,25.0,0.0,0.0,0.0,0.0,0.0,0.0,0.0,0.0,17.0,0.0,0.0,POINT (-0.318199392 51.57850869),NorthwickPark,4,4
161,160,0.0,0.0,0.0,0.0,0.0,0.0,0.0,0.0,0.0,0.0,0.0,0.0,0.0,0.0,0.0,0.0,0.0,0.0,0.0,0.0,0.0,0.0,0.0,0.0,0.0,0.0,0.0,0.0,0.0,0.0,POINT (-0.423837787 51.61121361),Northwood,6,6
162,161,34.0,0.0,0.0,0.0,0.0,0.0,0.0,0.0,0.0,0.0,0.0,0.0,0.0,0.0,0.0,0.0,0.0,0.0,0.0,0.0,0.0,0.0,0.0,0.0,0.0,1.0,0.0,0.0,0.0,0.0,POINT (-0.409311358 51.60080265),NorthwoodHills,6,6
163,162,4.0,13.0,42.0,16.0,0.0,0.0,0.0,17.0,0.0,0.0,0.0,0.0,0.0,0.0,103.0,0.0,134.0,81.0,0.0,18.0,0.0,0.0,0.0,6.0,0.0,0.0,5.0,168.0,6.0,0.0,POINT (-0.195921618 51.50937534),NottingHillGate,"1,2",1
164,163,0.0,0.0,0.0,0.0,0.0,0.0,0.0,0.0,0.0,0.0,0.0,0.0,0.0,0.0,0.0,0.0,0.0,0.0,0.0,0.0,0.0,0.0,0.0,8.0,0.0,0.0,0.0,4.0,0.0,0.0,POINT (-0.13185354 51.64763796),Oakwood,5,5
165,164,25.0,0.0,0.0,0.0,13.0,0.0,0.0,0.0,0.0,34.0,0.0,0.0,5.0,3.0,0.0,0.0,24.0,107.0,0.0,101.0,0.0,0.0,0.0,16.0,7.0,0.0,0.0,264.0,0.0,58.0,POINT (-0.087622958 51.52558147),OldStreet,1,1
166,165,0.0,0.0,0.0,0.0,0.0,0.0,0.0,0.0,0.0,21.0,0.0,0.0,2.0,18.0,0.0,0.0,0.0,0.0,4.0,0.0,0.0,0.0,0.0,0.0,0.0,0.0,23.0,0.0,0.0,0.0,POINT (-0.352096096 51.48121681),Osterley,4,4
167,166,0.0,0.0,0.0,21.0,0.0,2.0,0.0,0.0,0.0,0.0,0.0,0.0,76.0,0.0,0.0,0.0,0.0,0.0,0.0,0.0,0.0,0.0,0.0,0.0,0.0,0.0,89.0,0.0,0.0,0.0,POINT (-0.113321076 51.4814126),Oval,2,2
168,167,178.0,0.0,20.0,544.0,115.0,188.0,0.0,62.0,26.0,80.0,28.0,122.0,97.0,90.0,378.0,405.0,0.0,832.0,230.0,133.0,457.0,0.0,0.0,0.0,22.0,10.0,77.0,2245.0,396.0,0.0,POINT (-0.140836171 51.5152234),OxfordCircus,1,1
169,168,27.0,18.0,10.0,388.0,45.0,0.0,0.0,83.0,24.0,0.0,0.0,0.0,0.0,8.0,0.0,61.0,73.0,0.0,157.0,177.0,0.0,62.0,4.0,27.0,27.0,0.0,29.0,213.0,10.0,1.0,POINT (-0.175736752 51.51539379),Paddington,1,1
170,169,0.0,0.0,0.0,0.0,0.0,0.0,0.0,0.0,0.0,0.0,0.0,0.0,27.0,0.0,0.0,0.0,0.0,0.0,20.0,0.0,0.0,0.0,0.0,0.0,0.0,0.0,0.0,0.0,0.0,0.0,POINT (-0.284928918 51.52683402),ParkRoyal,3,3
171,170,0.0,0.0,0.0,0.0,0.0,0.0,0.0,0.0,0.0,4.0,0.0,0.0,4.0,0.0,0.0,0.0,20.0,0.0,0.0,0.0,0.0,0.0,0.0,20.0,16.0,0.0,0.0,0.0,0.0,0.0,POINT (-0.201124492 51.47496015),ParsonsGreen,2,2
172,171,0.0,0.0,0.0,0.0,0.0,0.0,0.0,0.0,0.0,0.0,0.0,0.0,0.0,0.0,0.0,0.0,19.0,0.0,0.0,0.0,0.0,0.0,0.0,0.0,0.0,0.0,0.0,0.0,0.0,0.0,POINT (-0.323070422 51.53634182),Perivale,4,4
173,172,192.0,0.0,23.0,173.0,241.0,277.0,0.0,102.0,0.0,101.0,187.0,58.0,125.0,52.0,31.0,211.0,116.0,1081.0,0.0,79.0,237.0,0.0,5.0,0.0,114.0,0.0,0.0,992.0,167.0,52.0,POINT (-0.133711597 51.50969675),PiccadillyCircus,1,1
174,173,0.0,15.0,23.0,0.0,0.0,31.0,0.0,17.0,0.0,79.0,0.0,0.0,37.0,8.0,12.0,11.0,128.0,28.0,0.0,0.0,3.0,13.0,0.0,0.0,5.0,0.0,0.0,80.0,25.0,0.0,POINT (-0.133108258 51.48955286),Pimlico,1,1
175,174,0.0,0.0,0.0,0.0,0.0,0.0,0.0,0.0,0.0,0.0,0.0,0.0,0.0,0.0,0.0,0.0,0.0,0.0,0.0,2.0,0.0,0.0,0.0,0.0,0.0,0.0,0.0,0.0,1.0,0.0,POINT (-0.38122379 51.59236168),Pinner,5,5
176,175,0.0,0.0,0.0,0.0,0.0,0.0,0.0,17.0,0.0,15.0,0.0,0.0,0.0,0.0,5.0,0.0,0.0,7.0,0.0,0.0,3.0,3.0,0.0,0.0,0.0,0.0,27.0,14.0,0.0,0.0,POINT (0.017780642 51.53128834),Plaistow,3,3
177,176,21.0,0.0,0.0,0.0,0.0,0.0,0.0,0.0,0.0,0.0,0.0,0.0,0.0,0.0,0.0,0.0,14.0,0.0,0.0,0.0,0.0,0.0,0.0,0.0,0.0,0.0,0.0,0.0,0.0,0.0,POINT (-0.294972013 51.57210373),PrestonRoad,4,4
178,177,9.0,35.0,0.0,0.0,99.0,0.0,0.0,0.0,0.0,0.0,0.0,0.0,0.0,0.0,0.0,0.0,0.0,0.0,0.0,0.0,0.0,0.0,0.0,0.0,0.0,0.0,0.0,11.0,0.0,19.0,POINT (-0.209365417 51.46786534),PutneyBridge,2,2
179,179,0.0,0.0,0.0,0.0,0.0,10.0,0.0,4.0,0.0,0.0,0.0,0.0,0.0,0.0,0.0,0.0,6.0,174.0,3.0,0.0,0.0,0.0,0.0,7.0,0.0,0.0,0.0,31.0,48.0,0.0,POINT (-0.204798149 51.53431265),QueensPark,2,2
180,178,0.0,0.0,0.0,0.0,0.0,0.0,0.0,0.0,0.0,0.0,0.0,0.0,0.0,0.0,0.0,0.0,0.0,0.0,0.0,0.0,0.0,0.0,0.0,0.0,6.0,0.0,0.0,0.0,0.0,0.0,POINT (-0.286331597 51.59388298),Queensbury,4,4
181,180,0.0,0.0,0.0,0.0,0.0,0.0,0.0,0.0,0.0,0.0,0.0,0.0,0.0,0.0,41.0,47.0,223.0,0.0,17.0,0.0,0.0,0.0,0.0,0.0,0.0,0.0,3.0,0.0,0.0,0.0,POINT (-0.187419903 51.51044923),Queensway,1,1
182,181,0.0,0.0,0.0,0.0,0.0,0.0,20.0,1.0,0.0,19.0,0.0,0.0,0.0,0.0,0.0,0.0,0.0,0.0,0.0,0.0,0.0,0.0,0.0,0.0,0.0,0.0,15.0,2.0,0.0,0.0,POINT (-0.235969233 51.49406798),RavenscourtPark,2,2
183,182,0.0,0.0,0.0,0.0,0.0,0.0,0.0,0.0,0.0,0.0,0.0,0.0,0.0,0.0,0.0,0.0,0.0,0.0,0.0,0.0,0.0,0.0,0.0,0.0,0.0,0.0,0.0,0.0,0.0,0.0,POINT (-0.371060814 51.57539673),RaynersLane,5,5
184,183,0.0,0.0,0.0,0.0,0.0,0.0,0.0,0.0,0.0,0.0,0.0,0.0,0.0,0.0,1.0,0.0,0.0,0.0,0.0,0.0,0.0,0.0,0.0,0.0,0.0,0.0,0.0,0.0,0.0,0.0,POINT (0.045394044 51.57636692),Redbridge,4,4
185,184,0.0,0.0,0.0,64.0,6.0,0.0,0.0,4.0,0.0,0.0,0.0,0.0,0.0,29.0,0.0,57.0,17.0,0.0,28.0,0.0,0.0,0.0,0.0,0.0,0.0,0.0,5.0,49.0,10.0,0.0,POINT (-0.145344411 51.52381067),RegentsPark,1,1
186,185,74.0,18.0,113.0,0.0,0.0,0.0,54.0,15.0,0.0,4.0,0.0,0.0,0.0,0.0,0.0,0.0,0.0,0.0,11.0,1.0,0.0,0.0,0.0,28.0,0.0,0.0,0.0,33.0,0.0,0.0,POINT (-0.301739134 51.46323289),Richmond,4,4
187,186,0.0,0.0,0.0,0.0,0.0,0.0,0.0,0.0,0.0,0.0,0.0,0.0,0.0,0.0,0.0,0.0,0.0,0.0,0.0,0.0,0.0,0.0,0.0,0.0,0.0,0.0,0.0,0.0,0.0,0.0,POINT (-0.473684584 51.64032301),Rickmansworth,7,7
188,187,0.0,0.0,0.0,0.0,0.0,0.0,0.0,0.0,0.0,0.0,0.0,0.0,0.0,0.0,0.0,0.0,23.0,0.0,0.0,0.0,0.0,0.0,0.0,0.0,0.0,0.0,0.0,0.0,0.0,0.0,POINT (0.044026207 51.61695645),RodingValley,4,4
189,188,0.0,0.0,0.0,0.0,0.0,0.0,47.0,0.0,0.0,0.0,0.0,0.0,0.0,0.0,0.0,0.0,0.0,0.0,48.0,0.0,0.0,0.0,0.0,0.0,0.0,0.0,0.0,0.0,0.0,0.0,POINT (-0.188823674 51.51829435),RoyalOak,2,2
190,189,0.0,0.0,0.0,7.0,0.0,0.0,0.0,0.0,0.0,0.0,0.0,0.0,0.0,0.0,0.0,0.0,0.0,0.0,0.0,0.0,0.0,0.0,0.0,0.0,0.0,0.0,0.0,0.0,0.0,0.0,POINT (-0.421234926 51.57216192),Ruislip,6,6
191,190,0.0,0.0,0.0,0.0,0.0,0.0,0.0,0.0,0.0,0.0,0.0,0.0,0.0,0.0,0.0,0.0,0.0,0.0,0.0,0.0,0.0,0.0,0.0,0.0,0.0,0.0,0.0,0.0,0.0,0.0,POINT (-0.409294111 51.55996018),RuislipGardens,5,5
192,191,0.0,0.0,0.0,0.0,0.0,0.0,0.0,0.0,0.0,0.0,0.0,0.0,0.0,0.0,0.0,0.0,0.0,0.0,0.0,0.0,0.0,0.0,0.0,0.0,0.0,0.0,0.0,0.0,0.0,0.0,POINT (-0.412849354 51.57345157),RuislipManor,6,6
193,192,11.0,0.0,14.0,49.0,201.0,0.0,0.0,0.0,0.0,0.0,35.0,0.0,191.0,3.0,0.0,34.0,0.0,0.0,164.0,53.0,0.0,0.0,0.0,0.0,13.0,0.0,0.0,158.0,14.0,0.0,POINT (-0.124590198 51.52301304),RussellSquare,1,1
194,193,0.0,0.0,0.0,0.0,0.0,0.0,16.0,0.0,0.0,65.0,0.0,4.0,0.0,0.0,0.0,0.0,227.0,11.0,22.0,3.0,0.0,0.0,0.0,11.0,0.0,0.0,0.0,32.0,0.0,0.0,POINT (-0.072466823 51.58336216),SevenSisters,3,3
195,194,0.0,0.0,84.0,32.0,0.0,0.0,0.0,6.0,0.0,13.0,0.0,43.0,22.0,0.0,192.0,0.0,156.0,28.0,53.0,9.0,141.0,0.0,0.0,0.0,0.0,0.0,10.0,151.0,5.0,0.0,POINT (-0.218519159 51.50453215),ShepherdsBush(Cen),2,2
196,195,68.0,0.0,0.0,0.0,0.0,0.0,0.0,0.0,3.0,0.0,0.0,0.0,0.0,0.0,0.0,0.0,0.0,27.0,0.0,0.0,0.0,0.0,151.0,0.0,0.0,0.0,0.0,56.0,0.0,0.0,POINT (-0.227400493 51.50588071),ShepherdsBushMarket,2,2
197,196,0.0,96.0,0.0,6.0,0.0,0.0,0.0,188.0,0.0,0.0,0.0,0.0,46.0,22.0,0.0,0.0,0.0,79.0,0.0,29.0,0.0,0.0,0.0,26.0,0.0,15.0,0.0,479.0,7.0,57.0,POINT (-0.156488857 51.49235976),SloaneSquare,1,1
198,197,0.0,0.0,0.0,0.0,0.0,0.0,0.0,0.0,0.0,0.0,0.0,0.0,55.0,0.0,0.0,0.0,5.0,0.0,0.0,0.0,0.0,0.0,0.0,0.0,0.0,0.0,1.0,24.0,3.0,0.0,POINT (0.021463928 51.58089127),Snaresbrook,4,4
199,198,0.0,0.0,0.0,4.0,82.0,0.0,0.0,13.0,0.0,0.0,0.0,0.0,8.0,0.0,0.0,0.0,6.0,0.0,9.0,0.0,0.0,3.0,0.0,0.0,0.0,0.0,0.0,0.0,0.0,0.0,POINT (-0.307040245 51.50164402),SouthEaling,3,3
200,201,0.0,0.0,0.0,0.0,0.0,0.0,0.0,0.0,0.0,0.0,0.0,0.0,0.0,0.0,0.0,0.0,0.0,0.0,0.0,0.0,0.0,0.0,0.0,0.0,0.0,0.0,0.0,0.0,0.0,0.0,POINT (-0.351893971 51.56468017),SouthHarrow,5,5
201,202,0.0,155.0,30.0,10.0,101.0,0.0,0.0,233.0,0.0,59.0,52.0,0.0,137.0,1.0,0.0,66.0,40.0,179.0,183.0,98.0,0.0,0.0,0.0,35.0,0.0,16.0,48.0,643.0,53.0,90.0,POINT (-0.173923023 51.49407137),SouthKensington,1,1
202,203,0.0,0.0,0.0,0.0,0.0,0.0,0.0,0.0,0.0,0.0,0.0,0.0,0.0,0.0,0.0,0.0,0.0,0.0,0.0,0.0,0.0,0.0,0.0,0.0,0.0,0.0,0.0,0.0,0.0,0.0,POINT (-0.308142977 51.57104445),SouthKenton,4,4
203,204,0.0,0.0,0.0,0.0,0.0,0.0,0.0,0.0,0.0,0.0,0.0,0.0,0.0,0.0,0.0,0.0,0.0,0.0,0.0,0.0,0.0,0.0,0.0,0.0,0.0,0.0,0.0,28.0,0.0,0.0,POINT (-0.39911591 51.5568903),SouthRuislip,5,5
204,206,0.0,0.0,0.0,0.0,0.0,0.0,0.0,0.0,0.0,0.0,0.0,0.0,24.0,0.0,0.0,0.0,0.0,0.0,0.0,0.0,0.0,0.0,0.0,0.0,27.0,0.0,36.0,0.0,0.0,0.0,POINT (-0.191974546 51.41536071),SouthWimbledon,"3,4",3
205,207,0.0,0.0,0.0,0.0,0.0,0.0,0.0,0.0,0.0,0.0,0.0,0.0,0.0,0.0,0.0,0.0,0.0,0.0,1.0,0.0,0.0,0.0,70.0,0.0,0.0,0.0,0.0,2.0,0.0,0.0,POINT (0.027943078 51.59155262),SouthWoodford,4,4
206,199,14.0,0.0,0.0,0.0,0.0,0.0,0.0,0.0,0.0,0.0,0.0,0.0,0.0,0.0,0.0,0.0,2.0,35.0,104.0,0.0,0.0,0.0,0.0,0.0,0.0,0.0,0.0,0.0,0.0,0.0,POINT (-0.206609386 51.44488331),Southfields,3,3
207,200,0.0,0.0,0.0,0.0,20.0,0.0,0.0,0.0,0.0,4.0,0.0,0.0,41.0,0.0,0.0,0.0,0.0,18.0,0.0,0.0,0.0,0.0,0.0,0.0,0.0,0.0,0.0,0.0,0.0,0.0,POINT (-0.127770047 51.63237585),Southgate,4,4
208,205,45.0,0.0,55.0,0.0,0.0,0.0,0.0,0.0,0.0,0.0,0.0,0.0,0.0,0.0,28.0,42.0,0.0,89.0,0.0,20.0,7.0,0.0,0.0,0.0,66.0,0.0,0.0,77.0,0.0,12.0,POINT (-0.10579494 51.50385362),Southwark,1,1
209,208,0.0,39.0,0.0,0.0,5.0,0.0,0.0,125.0,0.0,0.0,0.0,3.0,16.0,0.0,0.0,8.0,19.0,50.0,10.0,0.0,0.0,1.0,0.0,0.0,15.0,9.0,35.0,213.0,0.0,6.0,POINT (-0.133878755 51.49960979),St.JamessPark,1,1
210,209,0.0,0.0,58.0,0.0,0.0,0.0,0.0,0.0,0.0,0.0,0.0,14.0,0.0,0.0,0.0,0.0,0.0,0.0,63.0,0.0,0.0,0.0,0.0,0.0,0.0,0.0,0.0,38.0,0.0,28.0,POINT (-0.17406484 51.53485441),St.JohnsWood,2,2
211,210,0.0,0.0,186.0,0.0,46.0,0.0,0.0,1.0,0.0,40.0,0.0,111.0,0.0,0.0,51.0,37.0,287.0,61.0,42.0,27.0,49.0,0.0,0.0,0.0,44.0,0.0,2.0,0.0,2.0,0.0,POINT (-0.09757100099999999 51.51483529999999),St.Pauls,1,1
212,211,6.0,0.0,6.0,2.0,0.0,0.0,0.0,0.0,0.0,0.0,0.0,0.0,21.0,0.0,0.0,0.0,0.0,8.0,0.0,0.0,0.0,0.0,0.0,0.0,0.0,0.0,0.0,12.0,0.0,0.0,POINT (-0.24524631 51.49444997),StamfordBrook,2,2
213,212,0.0,0.0,19.0,0.0,0.0,0.0,0.0,0.0,0.0,0.0,0.0,0.0,0.0,0.0,0.0,0.0,0.0,0.0,0.0,0.0,0.0,0.0,0.0,0.0,40.0,0.0,0.0,6.0,0.0,0.0,POINT (-0.303099293 51.61967344),Stanmore,5,5
214,213,0.0,0.0,0.0,0.0,0.0,0.0,0.0,0.0,0.0,0.0,0.0,0.0,0.0,0.0,0.0,0.0,0.0,3.0,0.0,0.0,0.0,0.0,0.0,0.0,0.0,0.0,0.0,1.0,0.0,0.0,POINT (-0.047382523 51.52199583),StepneyGreen,2,2
215,214,0.0,0.0,0.0,0.0,0.0,0.0,0.0,0.0,0.0,0.0,0.0,0.0,85.0,0.0,0.0,13.0,0.0,12.0,15.0,0.0,0.0,0.0,0.0,0.0,0.0,0.0,43.0,121.0,0.0,0.0,POINT (-0.122846304 51.47215926),Stockwell,2,2
216,215,0.0,0.0,0.0,0.0,0.0,0.0,0.0,0.0,0.0,0.0,0.0,0.0,0.0,0.0,0.0,0.0,0.0,37.0,0.0,0.0,0.0,0.0,0.0,0.0,0.0,0.0,0.0,29.0,0.0,0.0,POINT (-0.275400442 51.54398655),StonebridgePark,3,3
217,216,0.0,0.0,0.0,0.0,0.0,0.0,0.0,0.0,0.0,0.0,0.0,69.0,0.0,0.0,125.0,0.0,282.0,0.0,0.0,0.0,7.0,0.0,0.0,9.0,0.0,0.0,31.0,16.0,0.0,44.0,POINT (-0.003751641 51.54169258),Stratford,3,3
218,217,0.0,1.0,0.0,0.0,0.0,0.0,0.0,0.0,0.0,0.0,0.0,0.0,0.0,0.0,0.0,0.0,0.0,0.0,0.0,0.0,0.0,0.0,0.0,0.0,0.0,0.0,0.0,0.0,0.0,0.0,POINT (-0.336392115 51.55733956),SudburyHill,4,4
219,218,0.0,0.0,0.0,0.0,0.0,0.0,0.0,0.0,0.0,0.0,0.0,0.0,0.0,0.0,0.0,0.0,0.0,0.0,0.0,0.0,0.0,0.0,0.0,0.0,0.0,0.0,0.0,0.0,0.0,0.0,POINT (-0.316343486 51.55139744),SudburyTown,4,4
220,219,101.0,0.0,53.0,0.0,20.0,0.0,0.0,0.0,0.0,0.0,17.0,0.0,0.0,0.0,0.0,4.0,0.0,0.0,0.0,0.0,0.0,0.0,0.0,0.0,0.0,0.0,0.0,40.0,0.0,0.0,POINT (-0.175626604 51.54303485),SwissCottage,2,2
221,220,0.0,27.0,8.0,0.0,2.0,0.0,0.0,67.0,0.0,0.0,0.0,0.0,0.0,13.0,0.0,72.0,0.0,30.0,11.0,43.0,0.0,0.0,0.0,79.0,17.0,0.0,0.0,354.0,8.0,21.0,POINT (-0.11372575 51.51104061),Temple,1,1
222,221,0.0,0.0,0.0,0.0,0.0,0.0,0.0,0.0,0.0,0.0,0.0,0.0,0.0,0.0,0.0,0.0,0.0,0.0,0.0,0.0,0.0,0.0,0.0,0.0,0.0,0.0,0.0,0.0,0.0,0.0,POINT (0.102890736 51.67255208),TheydonBois,6,6
223,222,0.0,0.0,0.0,52.0,0.0,0.0,0.0,0.0,0.0,27.0,0.0,0.0,46.0,0.0,0.0,0.0,0.0,0.0,8.0,0.0,0.0,0.0,0.0,0.0,0.0,0.0,0.0,86.0,0.0,0.0,POINT (-0.159700492 51.43583806),TootingBec,3,3
224,223,0.0,0.0,0.0,0.0,21.0,0.0,0.0,0.0,0.0,0.0,0.0,0.0,0.0,0.0,0.0,25.0,127.0,0.0,9.0,0.0,0.0,0.0,0.0,0.0,0.0,23.0,79.0,7.0,0.0,3.0,POINT (-0.168684527 51.42704914),TootingBroadway,3,3
225,224,22.0,0.0,7.0,574.0,0.0,27.0,0.0,123.0,0.0,21.0,0.0,23.0,235.0,22.0,1.0,62.0,32.0,154.0,0.0,63.0,26.0,0.0,0.0,0.0,33.0,0.0,0.0,363.0,0.0,0.0,POINT (-0.131110439 51.51621087),TottenhamCourtRoad,1,1
226,225,0.0,0.0,0.0,0.0,47.0,0.0,0.0,0.0,0.0,0.0,4.0,0.0,14.0,0.0,74.0,0.0,0.0,19.0,0.0,14.0,26.0,0.0,0.0,0.0,0.0,0.0,0.0,208.0,0.0,0.0,POINT (-0.060187823 51.58799778),TottenhamHale,3,3
227,226,0.0,0.0,0.0,1.0,0.0,0.0,0.0,0.0,0.0,0.0,0.0,0.0,0.0,0.0,0.0,0.0,2.0,0.0,0.0,0.0,0.0,0.0,0.0,0.0,0.0,0.0,0.0,0.0,0.0,0.0,POINT (-0.179354263 51.63024672),Totteridge&Whetstone,4,4
228,227,0.0,14.0,0.0,0.0,0.0,5.0,47.0,157.0,0.0,21.0,0.0,0.0,62.0,0.0,0.0,26.0,9.0,54.0,62.0,0.0,19.0,0.0,0.0,15.0,0.0,37.0,0.0,286.0,19.0,40.0,POINT (-0.076701198 51.51039427),TowerHill,1,1
229,228,0.0,0.0,0.0,1.0,0.0,0.0,0.0,0.0,0.0,0.0,0.0,0.0,63.0,0.0,0.0,0.0,6.0,23.0,0.0,0.0,0.0,0.0,0.0,0.0,0.0,0.0,62.0,10.0,0.0,0.0,POINT (-0.137742175 51.5564408),TufnellPark,2,2
230,229,0.0,0.0,0.0,0.0,41.0,0.0,0.0,23.0,0.0,5.0,26.0,0.0,33.0,0.0,0.0,0.0,0.0,8.0,37.0,0.0,0.0,0.0,0.0,7.0,0.0,0.0,0.0,78.0,0.0,14.0,POINT (-0.254524568 51.49518194),TurnhamGreen,2,2
231,230,1.0,0.0,0.0,0.0,6.0,0.0,0.0,0.0,0.0,5.0,0.0,0.0,99.0,0.0,0.0,0.0,10.0,31.0,110.0,3.0,0.0,0.0,0.0,0.0,0.0,0.0,0.0,126.0,0.0,0.0,POINT (-0.102805041 51.59035813),TurnpikeLane,3,3
232,231,0.0,0.0,0.0,0.0,0.0,0.0,0.0,0.0,0.0,66.0,0.0,0.0,0.0,0.0,0.0,0.0,0.0,0.0,0.0,0.0,0.0,0.0,0.0,0.0,0.0,25.0,0.0,0.0,0.0,0.0,POINT (0.251400801 51.55876336),Upminster,6,6
233,232,0.0,0.0,0.0,0.0,0.0,0.0,0.0,0.0,0.0,0.0,0.0,0.0,0.0,0.0,0.0,0.0,0.0,0.0,0.0,0.0,0.0,0.0,0.0,0.0,0.0,0.0,0.0,0.0,0.0,0.0,POINT (0.234541889 51.5577188),UpminsterBridge,6,6
234,233,0.0,0.0,0.0,0.0,0.0,0.0,0.0,2.0,0.0,0.0,0.0,0.0,0.0,0.0,0.0,0.0,0.0,0.0,0.0,0.0,0.0,0.0,0.0,0.0,0.0,0.0,0.0,0.0,0.0,0.0,POINT (0.101531744 51.53840565),Upney,4,4
235,234,0.0,0.0,0.0,0.0,0.0,0.0,0.0,0.0,0.0,0.0,0.0,0.0,21.0,0.0,0.0,0.0,61.0,0.0,0.0,0.0,0.0,0.0,0.0,0.0,0.0,0.0,0.0,1.0,0.0,0.0,POINT (0.03454184 51.5366282),UptonPark,3,3
236,235,7.0,0.0,0.0,0.0,0.0,0.0,0.0,0.0,8.0,0.0,0.0,0.0,0.0,0.0,0.0,0.0,8.0,0.0,17.0,0.0,0.0,0.0,0.0,0.0,0.0,0.0,0.0,23.0,1.0,0.0,POINT (-0.47710156 51.54645451),Uxbridge,6,6
237,236,23.0,0.0,0.0,0.0,20.0,0.0,0.0,0.0,0.0,39.0,0.0,4.0,58.0,25.0,26.0,12.0,200.0,55.0,0.0,115.0,3.0,0.0,0.0,0.0,0.0,0.0,0.0,211.0,0.0,0.0,POINT (-0.123829953 51.48573579999999),Vauxhall,"1,2",1
238,237,92.0,242.0,49.0,25.0,86.0,0.0,0.0,224.0,0.0,161.0,0.0,0.0,151.0,15.0,50.0,197.0,530.0,328.0,149.0,45.0,56.0,10.0,0.0,29.0,76.0,56.0,144.0,0.0,57.0,82.0,POINT (-0.143920706 51.49642395),Victoria,1,1
239,238,0.0,0.0,0.0,0.0,0.0,0.0,0.0,0.0,0.0,36.0,0.0,0.0,70.0,10.0,0.0,3.0,47.0,0.0,55.0,0.0,0.0,0.0,0.0,0.0,0.0,0.0,104.0,138.0,0.0,0.0,POINT (-0.019940545 51.58301811),WalthamstowCentral,3,3
240,239,0.0,0.0,1.0,0.0,0.0,0.0,0.0,10.0,0.0,0.0,0.0,0.0,0.0,0.0,0.0,0.0,57.0,0.0,0.0,0.0,0.0,0.0,0.0,0.0,0.0,0.0,1.0,0.0,0.0,0.0,POINT (0.028760472 51.57490215),Wanstead,4,4
241,240,0.0,0.0,0.0,170.0,10.0,0.0,0.0,0.0,0.0,35.0,0.0,0.0,111.0,4.0,32.0,0.0,112.0,14.0,15.0,67.0,0.0,0.0,0.0,0.0,0.0,0.0,0.0,650.0,0.0,0.0,POINT (-0.138278332 51.52457999),WarrenStreet,1,1
242,241,0.0,0.0,0.0,56.0,0.0,0.0,0.0,0.0,0.0,9.0,0.0,0.0,0.0,0.0,0.0,40.0,54.0,21.0,81.0,24.0,0.0,7.0,0.0,0.0,2.0,5.0,3.0,71.0,0.0,0.0,POINT (-0.182953293 51.52310444),WarwickAvenue,2,2
243,242,85.0,0.0,19.0,40.0,0.0,0.0,0.0,42.0,0.0,171.0,0.0,0.0,164.0,105.0,1.0,142.0,71.0,156.0,258.0,1.0,207.0,9.0,0.0,0.0,39.0,75.0,41.0,39.0,151.0,49.0,POINT (-0.113259252 51.50314664),Waterloo,1,1
244,243,0.0,0.0,0.0,0.0,0.0,0.0,0.0,0.0,0.0,0.0,0.0,0.0,0.0,0.0,0.0,0.0,0.0,0.0,0.0,0.0,0.0,0.0,0.0,0.0,0.0,0.0,0.0,0.0,0.0,0.0,POINT (-0.4172700070000001 51.6576051),Watford,7,7
245,244,0.0,0.0,0.0,0.0,0.0,0.0,0.0,0.0,0.0,0.0,0.0,0.0,0.0,0.0,0.0,0.0,0.0,0.0,311.0,0.0,0.0,0.0,0.0,0.0,0.0,0.0,0.0,0.0,0.0,0.0,POINT (-0.296392327 51.55186478),WembleyCentral,4,4
246,245,0.0,0.0,14.0,0.0,0.0,0.0,0.0,0.0,0.0,0.0,0.0,0.0,0.0,0.0,0.0,0.0,0.0,0.0,0.0,7.0,0.0,0.0,0.0,6.0,0.0,0.0,7.0,53.0,0.0,0.0,POINT (-0.279242553 51.56332246),WembleyPark,4,4
247,246,0.0,0.0,0.0,0.0,0.0,0.0,0.0,0.0,0.0,0.0,0.0,0.0,0.0,3.0,54.0,0.0,0.0,0.0,20.0,0.0,0.0,0.0,0.0,0.0,0.0,0.0,0.0,0.0,0.0,0.0,POINT (-0.280657175 51.51777015),WestActon,3,3
248,248,0.0,35.0,0.0,0.0,0.0,0.0,0.0,31.0,0.0,0.0,0.0,0.0,0.0,8.0,0.0,0.0,0.0,68.0,59.0,0.0,0.0,0.0,0.0,0.0,0.0,0.0,0.0,0.0,0.0,0.0,POINT (-0.195538812 51.48732891),WestBrompton,2,2
249,249,0.0,0.0,0.0,0.0,0.0,0.0,0.0,0.0,0.0,0.0,0.0,0.0,0.0,0.0,0.0,0.0,0.0,0.0,0.0,0.0,0.0,0.0,0.0,0.0,0.0,0.0,0.0,0.0,0.0,0.0,POINT (-0.18891711 51.60926273),WestFinchley,4,4
250,250,2.0,0.0,0.0,0.0,0.0,0.0,0.0,0.0,111.0,0.0,0.0,0.0,0.0,0.0,0.0,0.0,3.0,0.0,0.0,0.0,0.0,0.0,0.0,0.0,22.0,0.0,0.0,0.0,0.0,63.0,POINT (0.005317394 51.52852552),WestHam,3,3
251,251,21.0,0.0,119.0,0.0,0.0,0.0,0.0,0.0,0.0,1.0,0.0,0.0,0.0,0.0,0.0,0.0,0.0,0.0,90.0,0.0,8.0,0.0,0.0,0.0,0.0,0.0,3.0,62.0,0.0,14.0,POINT (-0.191126586 51.54747433),WestHampstead,2,2
252,252,0.0,0.0,0.0,0.0,0.0,0.0,0.0,0.0,0.0,0.0,0.0,0.0,0.0,0.0,0.0,0.0,0.0,0.0,0.0,0.0,0.0,0.0,0.0,0.0,0.0,0.0,0.0,0.0,0.0,0.0,POINT (-0.353846697 51.57892424),WestHarrow,5,5
253,253,6.0,14.0,0.0,0.0,0.0,0.0,7.0,16.0,0.0,0.0,0.0,0.0,11.0,0.0,0.0,0.0,0.0,0.0,40.0,0.0,0.0,0.0,0.0,0.0,0.0,0.0,0.0,93.0,0.0,0.0,POINT (-0.206203695 51.49010936),WestKensington,2,2
254,255,0.0,0.0,0.0,0.0,0.0,0.0,0.0,0.0,0.0,0.0,0.0,0.0,0.0,0.0,0.0,0.0,9.0,0.0,0.0,0.0,0.0,0.0,0.0,0.0,0.0,0.0,0.0,0.0,0.0,0.0,POINT (-0.437860146 51.56958787),WestRuislip,6,6
255,247,0.0,0.0,0.0,0.0,0.0,0.0,1.0,0.0,4.0,0.0,0.0,0.0,0.0,0.0,0.0,0.0,0.0,13.0,0.0,0.0,0.0,0.0,0.0,0.0,0.0,0.0,0.0,0.0,0.0,0.0,POINT (-0.200882515 51.52098884),WestbournePark,2,2
256,254,62.0,111.0,99.0,0.0,22.0,0.0,0.0,68.0,0.0,43.0,0.0,0.0,37.0,42.0,0.0,118.0,0.0,199.0,81.0,0.0,0.0,0.0,0.0,0.0,70.0,8.0,69.0,355.0,3.0,0.0,POINT (-0.125002079 51.50140159),Westminster,1,1
257,257,2.0,0.0,12.0,16.0,0.0,0.0,0.0,0.0,0.0,1.0,0.0,10.0,5.0,0.0,26.0,2.0,31.0,1.0,0.0,0.0,2.0,0.0,0.0,0.0,3.0,0.0,1.0,22.0,1.0,0.0,POINT (-0.224631931 51.51223244),WhiteCity,2,2
258,256,0.0,0.0,0.0,0.0,0.0,0.0,0.0,27.0,1.0,0.0,0.0,0.0,161.0,0.0,0.0,0.0,0.0,0.0,69.0,0.0,0.0,0.0,0.0,62.0,0.0,0.0,0.0,490.0,0.0,7.0,POINT (-0.059420485 51.51958779),Whitechapel,2,2
259,258,80.0,0.0,0.0,0.0,0.0,0.0,0.0,0.0,0.0,0.0,0.0,0.0,0.0,0.0,7.0,0.0,76.0,0.0,0.0,0.0,0.0,0.0,0.0,0.0,0.0,0.0,0.0,48.0,0.0,0.0,POINT (-0.222407604 51.54937329),WillesdenGreen,"2,3",2
260,259,35.0,0.0,0.0,14.0,0.0,0.0,0.0,0.0,0.0,0.0,0.0,0.0,0.0,8.0,0.0,0.0,0.0,0.0,39.0,0.0,0.0,1.0,0.0,0.0,0.0,0.0,0.0,0.0,0.0,0.0,POINT (-0.243909143 51.53223396),WillesdenJunction,3,3
261,260,0.0,52.0,0.0,0.0,0.0,0.0,7.0,0.0,0.0,31.0,0.0,11.0,0.0,0.0,0.0,0.0,32.0,7.0,0.0,0.0,0.0,0.0,0.0,0.0,0.0,0.0,0.0,11.0,43.0,2.0,POINT (-0.206662836 51.42110784),Wimbledon,3,3
262,261,0.0,0.0,0.0,0.0,0.0,0.0,0.0,12.0,0.0,0.0,0.0,0.0,0.0,0.0,4.0,0.0,0.0,0.0,0.0,0.0,0.0,0.0,0.0,0.0,0.0,0.0,0.0,0.0,0.0,0.0,POINT (-0.199186275 51.43458095),WimbledonPark,3,3
263,263,9.0,5.0,8.0,0.0,115.0,0.0,0.0,8.0,0.0,9.0,24.0,0.0,27.0,0.0,0.0,0.0,139.0,13.0,5.0,45.0,0.0,0.0,0.0,0.0,0.0,0.0,0.0,0.0,0.0,0.0,POINT (-0.109526589 51.59745373),WoodGreen,3,3
264,264,0.0,0.0,0.0,0.0,0.0,0.0,0.0,0.0,0.0,0.0,0.0,0.0,0.0,31.0,0.0,0.0,0.0,39.0,0.0,0.0,0.0,0.0,8.0,0.0,0.0,0.0,0.0,0.0,0.0,0.0,POINT (-0.224472609 51.50965819),WoodLane,2,2
265,262,0.0,0.0,10.0,0.0,0.0,0.0,0.0,0.0,0.0,0.0,0.0,0.0,0.0,0.0,0.0,0.0,45.0,0.0,0.0,0.0,0.0,0.0,0.0,0.0,0.0,0.0,0.0,0.0,0.0,0.0,POINT (0.034056202 51.60720184),Woodford,4,4
266,265,0.0,0.0,0.0,48.0,0.0,0.0,0.0,0.0,0.0,0.0,0.0,0.0,21.0,0.0,0.0,0.0,0.0,0.0,0.0,0.0,0.0,0.0,0.0,0.0,0.0,0.0,0.0,0.0,0.0,0.0,POINT (-0.185425505 51.6178684),WoodsidePark,4,4
